id;setup;num_of_rooms
943007ad-369d-474c-841e-b9c94ef46b3c;Wyoming Isle Lead;15371
c2f44715-ca37-40a5-a589-d57a55655fa9;indexing withdrawal Applications;38751
9eb9d6a3-4e3b-48e8-8b60-40d844a2e05c;technologies;58659
8c0273ed-1469-4c7e-9d91-a2f935dc9297;protocol tan incremental;19979
2eab9177-6683-4e3b-909b-0042d987114b;Bedfordshire;29059
af38a32b-f810-46a5-8463-f89c46dfd9a1;Investment Concrete;9955
bcf5138a-e9bf-497a-94e9-332b120eded5;Cambridgeshire;65816
9a1939bc-e90f-4e5f-aed7-c107ace2342b;navigating olive;57199
61eba47b-341a-4f68-9a1a-75590cbb61a0;connecting;28343
22f0c097-0ba9-4436-8893-8618a63f8b9a;New white;86237
