id;game_name;description;moves
cc2cac7c-e3fd-467c-a060-40c424e2360f;connect CSS;Towels Vatu Ghana;Functionality invoice
e7776b72-a7eb-4b17-8cc7-a6a88d886f4d;Industrial Toys;Account program circuit;Borders
f318997f-c19c-4a5a-a534-b38220a0f9b2;online;Practical tan Money;Garden magenta
8612df98-8456-41c8-80e6-59a4580c0699;SAS Brand Fresh;metrics utilisation;alarm Rubber synthesizing
6a4f0083-2c56-4c21-8ade-084120aa0c45;Car Washington Moldova;Bike moratorium;project object-oriented
311dc20e-a90b-42df-9efb-d8b91b3ba331;concept national Soft;SMTP;Louisiana
e2600e6d-2f79-4e3a-89ef-5a03a7efedbc;connecting tertiary Belgium;Synergized GB Concrete;Awesome Generic
dc8802ee-8a3b-4d9a-9d83-3d882491e324;Hawaii users Shoal;black;programming e-business
c3258e84-249d-4165-850d-a8fc0c41463a;Account magnetic;Norwegian;green Streamlined Table
f4fd8780-1322-4d34-b9db-067443f0d4cd;hacking;Refined;mobile Car
