id;nick_name
b8697840-1edf-4069-95dc-7683cf0bd803;Lock cross-media scalable
c03292b9-2985-404b-8bda-ec5dc05e63f6;real-time matrices
112e11ac-c04b-4abd-aa52-ebd742d56ce2;navigating out-of-the-box View
ea3616b0-6cf5-4b47-8d06-8376fa83a837;Hat virtual black
1c7a8205-7c7b-4823-91ff-e76bcae530bc;Practical Borders withdrawal
053c92a0-ea3c-49fa-b74f-2634eea4da2e;transmitter Nebraska Account
06244fd3-2c5f-43a6-94ef-b4c27ad61f4c;Producer Electronics Customer
4aaf8672-c1f6-45c6-9e0d-9ef627624a48;Hat program
ba3e6ccf-1b52-4403-b3bd-78ac0fbc11fd;interfaces bypassing
d57293fb-3344-4e30-9c36-9c6422f7cc8f;needs-based static
