id;name;auth_0_user_id;social_network;acl_setup
9d88b2f3-0b52-413c-bcde-9a2de486dea3;quantifying Mouse;Account Cambridgeshire Books;Carolina;Tonga bluetooth
fd5d4c19-c50e-43b4-a278-295e4ea02d4a;Accounts;Creek Functionality;multi-byte Awesome schemas;disintermediate engineer
bc8b55e9-5d19-4c5b-ae84-8076629278c6;array ivory;bi-directional;user-centric Kuwait Account;EXE Health Toys
c9917d15-5b87-4e72-ba1c-4a973f35437b;JSON Practical Chair;Nebraska;multi-byte hacking programming;Wyoming Profit-focused redundant
5904c7e0-9d5d-4808-a0da-f5dd129ed775;Producer green;Liaison;Central deposit Re-contextualized;collaborative Money Fresh
038b64cf-3d7a-48de-bc9f-43a8738a558d;Cotton parsing Account;panel Multi-lateral;maximize;Unbranded Face
d0e77b67-13e3-4037-b914-c29e2db07714;Car;feed;Locks olive Fantastic;HDD Shirt
d0ca5dd0-668b-4bee-a1c5-3ae1c5991383;card Missouri back-end;neural Chicken;Steel invoice;online Handmade
1cff9eac-fc3a-4c4a-8be4-87105b059be6;Unbranded Wooden;programming Point;Concrete world-class Solutions;bandwidth Small
9a2f43f1-7274-4bc8-89bc-ddeaa71ebe2c;Pennsylvania Metal Concrete;Account Central Movies;Computer leading-edge Lempira;Global Licensed
